,1,2,3,4,5,6,7,8,9,10,11,12,13,14,15,16,17,18,19,20,21,22,23,24,25,26,27,28,29,30,31,32,33,34,35,36,37,38,39,40,41,42,43,44,45,46,47,48,49,50,51,52,53,54,55,56,57,58,59,60,61,62,63,64,65,66,67,68,69,70,71,72,73,74,75,76,77,78,79,80,81,82,83,84,85,86,87,88,89,90,91,92,93,94,95,96,97,98,99,100
1032,-0.2747565248568732,-0.026528890784890933,0.1501963398892049,-0.11861432764336524,-0.006498462839377079,-0.13037170708714504,0.11658400216543,0.12713343172465022,0.41592089323777665,-0.08618486826469472,0.13493470583237357,-0.060591920958431286,0.160192557635243,0.060579892178261506,-0.11909040895357369,-0.21546637567299254,-0.060758766012944984,0.15235805922638598,0.1119236579839656,0.15751911820492312,-0.06901000237094114,0.18572603178616937,-0.08993411539615549,0.018989192406036783,0.13151591556053016,-0.0260134224614946,-0.42485556472677155,0.011460024528988717,0.23375668016006565,-0.3184223258694513,-0.25363326936108926,0.14497122121103728,0.08020621388272678,0.16552737422633826,0.019137454928641367,-0.01116419851772508,-0.01848543429951338,0.05759331716170724,-0.0602089438285437,0.18405293316286891,0.09359223821218948,0.06144335595370009,-0.0486056362611207,-0.117270773224935,-0.012729320498277765,-0.1683449922449494,-0.14805379255856188,-0.024170230237978416,0.012751200562941082,-0.047917064990731804,0.18050072024296343,-0.08580300104994058,0.1803031531565098,-0.10826262592019543,-0.10243401267963918,-0.027418789645306176,-0.08764726150251928,-0.06618729181251477,-0.18428345276093552,0.0389617134062996,0.06210618687100465,0.0968242377396501,-0.11533779398816343,-0.013704097529999012,-0.06554882805574075,-0.12790037211781535,-0.17167348868943252,-0.08611377373315389,0.08621703369424673,-0.00749089423667729,0.18580271986199973,0.011570469629459804,0.2011585686045879,-0.1701928300996124,-0.24495081082436498,0.010249564459854942,-0.03731253986316383,-0.047699642913030145,-0.0905411563760177,0.03289883034022043,0.015232166139478007,-0.02900018355395236,-0.18170439722133325,0.16466805428798867,-0.01981021770212287,-0.18145444518184103,0.07349022049127095,-0.15126044593379565,0.15421409041493886,0.3029211273620887,-0.0420663548250689,0.12321552729489804,-0.0463333383393034,-0.05480225907439541,-0.10264177073557941,-0.1330187795780722,-0.2417964002440804,0.05375937744896199,0.16701412150907874,-0.04000724870706061
281,0.21362969192568762,-0.07828011131450685,-0.20482725065111212,0.08689915461648476,0.20070629516879746,0.07483126281592954,-0.19079137888578168,0.10472180551069964,-0.25754033155996015,0.05625185590578392,-0.026014922278125758,0.14893581992169974,0.12832265264301548,-0.18227165944606347,0.22138875899266872,-0.0034560455026144874,0.2686438590587252,0.040578024383755885,0.24982382287326255,0.04736823648745691,-0.10781837066921998,0.07088680087110524,0.1391955752868277,0.3356409755717245,-0.22818021135918984,-0.012666476401544927,0.012525325601172156,0.03836249591186162,0.016318414615625127,0.016986328967568853,0.18420405875394133,0.16887451360817118,-0.20344241566568208,-0.19175674022487918,0.003376414945983972,0.11349705873836582,0.02533740724925615,0.12327617172662747,0.005981297318847068,-0.1654704294656703,-0.04690015486657375,0.056096901268031615,-0.04575948109562371,0.140033038561908,0.012601778441828105,0.09171385593602108,-0.03121307084111142,0.10089338885950073,0.20909089303077485,0.03329652491622336,-0.22202148268474786,-0.017590550834861777,-0.06731594404279066,0.09116032715846721,-0.04135822485210101,0.2726695141638912,0.07173047066506454,-0.09637929503896517,0.08183460332949698,-0.03464106844358449,0.012989919139802117,0.031614186458884606,0.24996843786018197,-0.09890493456323228,0.15862277383268347,0.2889300593521768,-0.14168198273024338,0.0030362090802356252,0.1561470120190971,-0.283429191296145,-0.13595735362428554,-0.1925141970518197,-0.15523089219471445,-0.08940883497057883,0.10547282993725372,-0.0024564443513194916,0.02137537636650449,-0.03525104608880952,0.19435662207821539,-0.14537911674796095,-0.20173703309017502,0.08852844987385146,0.04581364726651729,-0.09903674102306989,-0.014281487240611351,0.028251873032334705,0.21191250793500332,0.3895876593563289,0.30166681430693115,-0.23722038534649226,0.003191289934517169,-0.01650051118585855,0.07702881902705647,-0.0037283032476626617,0.2745416674858165,0.011198677583709842,-0.06328852918103924,-0.24299104232378624,-0.2182816757039347,-0.05265617202087375
1021,-0.175179511046951,-0.020260954720424645,-0.1644841641952101,-0.23848118174440916,-0.027533765870150502,-0.2585088384066274,0.16326442078318273,0.08574382428269395,0.3025952773255025,0.09959348945505571,0.04285676689229057,0.048581157077777534,0.1675562480221534,0.05655960336482943,-0.30981153383182014,-0.022202731400365387,-0.041582849123746955,-0.058474954405932464,-0.04150450763932237,0.10318864213551233,-0.0015688377818462796,0.10432338942893128,-0.10791199769676131,0.03368757205628927,0.0804521684795651,-0.02190072767756274,-0.3071745735235625,0.07743848297628786,0.2798873909389128,-0.16780159041558912,-0.20105003113910144,0.021412361432135808,0.08003509955670846,0.0878754168847504,0.02086347562699114,0.0510643483020174,-0.10469221438100401,-0.07837005093039458,-0.2222318981249588,0.054956710185784824,0.13432974554535881,-0.14941200715438513,-0.09846100164323311,-0.05963852317709953,-0.061682193595588415,-0.16121239034045187,-0.09316062212275648,0.07751009422382149,-0.0509636230944802,-0.06914797119200504,0.06909053612503283,0.13219491019432383,0.04874064409652081,0.005766850249475724,0.021845559209910898,-0.05888362620703002,-0.06450508273889959,0.09001249408281564,-0.19653471206272016,-0.017936212139303475,0.10715329529435905,0.12946225138318304,-0.21824378689253984,0.12277503880333067,0.04304862754428372,-0.12147760455734444,-0.1761639445866723,0.0730472955520653,-0.036665756303316636,0.024617193234832635,0.18336424186439493,0.14096202357309529,0.04516745422037063,-0.045828248518153945,-0.2514677326147667,-0.019623903466833778,0.10092384449497743,0.10932719545431839,-0.12327966828068918,0.07566824365005126,-0.03802654588575555,-0.022218652744194173,-0.04238924611127143,0.07882575925075329,0.007489740652503698,-0.17916912272274985,0.09815878797038546,-0.13287333169428261,0.11027773520936576,0.24482490219804445,-0.017410019516542058,0.042540985245560395,-0.03095748244758364,-0.0012332829197453838,0.0024475713258846213,-0.034009856136378976,-0.13905820523601808,0.19126880451634648,0.19586490007955643,0.05998228211219248
186,0.21156237861630145,0.08454598449324251,-0.36373447964797034,0.04464174835013337,0.12318153332774844,0.21368523126965905,-0.3105062187038135,-0.08647579873341908,-0.18065281189470328,-0.22239820681181657,-0.0019954031168263205,-0.12020152561949642,-0.09426083692786569,0.09091620436008649,0.25213701778403386,-0.16158454356781693,-0.06618577856113629,-0.12185827500439651,-0.010392709402521075,-0.07055963114725033,-0.09512795273920921,-0.20312462193724604,-0.13545100701684434,0.07552701166090649,-0.23392026259298854,-0.10468294285100449,0.2940117931183794,0.2752732375543857,-0.19377464040474734,0.1475851516448895,0.06090481706984564,-0.05021618679824348,-0.10627219854481161,0.11388492631452513,0.06533411279958247,0.20539621653072684,-0.10470675195518239,0.04450801365022255,0.15281406906772974,-0.2059663251942508,-0.11809216226086754,-0.15454472426141747,0.2307190188900608,0.020121791388065743,0.1337512296659799,-0.204497367483097,0.23678863486902169,0.22756798146277543,0.0688750024914878,0.14311852152423538,0.05558431585052016,-0.11917541603200005,-0.01699084880459959,0.040150085381035316,-0.15228234380714203,0.004133089427506318,0.23399916073712676,-0.24664614399900875,0.06124603208687919,-0.00494121528017729,-0.20062704722387328,0.1732181039216929,0.07077924979034117,-0.13632969760161706,0.1497843090134811,-0.04250362960426465,0.22474750112549627,-0.16895130838252498,0.011715798408492193,-0.1253564724718062,-0.14254484995786487,-0.2214611155101127,0.24824756489017996,0.028213432395474417,0.028597452368215273,-0.05946923232423539,-0.009302941943283164,0.03874292482686495,0.04290799935440699,-0.20117411757769324,-0.07060739400528186,0.052558778273098745,0.21840467847635425,0.09319999274458549,-0.1812370464774401,0.16422857816691647,0.1781605741758864,0.06390152140631057,-0.03020133006651502,-0.044880336416261504,-0.06461008273166244,-0.04683898922980861,0.0973677393049096,0.0072088278227961326,-0.06917030623148986,0.09937114027630506,0.22865420747682402,-0.17651840740354777,-0.13541433783561543,-0.1492646819494531
150,0.2756724550139215,0.0555735639151873,-0.41855721523294603,0.05349809364609251,0.10127605184720166,0.3617404308173831,-0.19547432421576008,-0.04838327739668477,-0.18169053309409056,-0.2197795247297343,-0.13621313555381492,-0.14116455976899348,-0.050483292439920766,-0.03101858928267108,0.14750653403465025,-0.06809029458914455,-0.0458362508878698,-0.12433633060350921,-0.07049251570446785,-0.13311723823200933,-0.0544408520230973,-0.04998529179210645,-0.046450496817625184,0.14765629487573037,-0.2002041153293997,-0.08531445853307897,0.3036081172874398,0.24033051455313434,-0.18666168026822386,0.17825489388823665,0.049075375690866514,-0.07056104663372201,-0.05863884204000084,0.11103297993862597,0.026449150131277622,0.22991661198924673,0.07664225882978944,0.08653424761582493,0.3021269731663673,-0.12157665084993298,-0.04111572488166905,-0.02683644272237972,0.23266010379953853,0.14048190276191708,0.06090854559380649,-0.0693456950835685,0.280295413968898,0.3555635843362982,-0.04369520732909559,0.1442277126105896,0.008463614640495545,0.034764895825213596,0.0012951222890866146,0.032102852474170974,-0.021313597617309596,0.04984639057046346,0.3664006916017124,-0.16536129346634992,0.06669968406697316,0.08125947069689086,-0.20493968450050282,0.10335408506713087,0.09867212387818809,-0.10721787862399328,0.08463714592616257,-0.02168873234221356,0.1173822897920458,-0.13619245002157254,-0.0018609642095454141,-0.22005943631099154,-0.12266423815547083,-0.06754248822410917,0.22399564747740472,-0.02602264046006059,0.027093107743186906,-0.021381057701575973,-0.06807546856038493,0.043079945909597184,0.17099135674395943,-0.17664404308093604,-0.12996485536629493,0.01117942576668384,0.13265644380309685,0.12821639848166425,-0.07586287752938191,0.12592081660845922,0.15578629477196046,0.14882336743181837,0.04099040781113288,0.048843634670075034,-0.17174575454734436,-0.0951497730407575,0.2697937989435107,0.0034606477662150544,-0.02636691914975678,0.043530551536802346,0.137649924484108,-0.12184267367142883,-0.06141659561993869,-0.007030907702380364
190,-0.011548994257810162,-0.07793543081618665,-0.35877381422438714,0.10511129627067262,0.299215452477277,0.38192509394042884,-0.19736302556024474,-0.20373062395616195,-0.2462288505925969,0.17815627580185778,-0.027971930376628408,-0.09985375572029341,0.04049938940471472,0.11696301719097163,0.08002241723408622,0.034284942014774986,-0.18061884298363207,-0.17143767461511214,-0.06595598298541683,0.06974003410171943,-0.07031131901128729,-0.10279140346259028,-0.04900548984183033,0.19255574732652928,-0.2685497686939871,-0.2347584567819278,0.1323397096019627,0.28919346351906533,-0.1882407498292801,0.11492173748454712,-0.014622305867511736,0.05352173027037146,0.02947666781451096,0.013482623766220942,0.10903551962283922,0.1868945928065533,-0.08165908881777673,0.09737876915495741,0.38682257689555094,-0.0835472838860395,-0.170821240260131,0.176598900237619,0.08917384528841898,0.15812387574830464,0.23134090077126646,-0.12829049859419206,0.18966633462331364,0.3114260049535001,0.1430032480678704,-0.13194951340848832,0.13955453169497925,-0.13758106616870755,0.04643655072337404,-0.05942699840064785,0.21124371210230977,-0.08372079601729808,0.03853072408121849,-0.09860748300394473,0.06653909500468017,0.15905007636085364,-0.12132210956465037,-0.09213886931166186,0.169748301745731,-0.015538222072991568,0.14627776429103603,0.017093829615136745,0.015389150787055005,-0.12568866179501234,-0.06289623921109751,-0.08654282246352196,0.021250249619521454,-0.2146579167406291,0.1477559808602622,-0.095812375339498,0.23219158710259988,0.016984407343209613,-0.0584007956287618,0.16071007631165535,-0.04234229153122362,-0.04532606162888361,-0.13489785056026143,0.011759683298152936,0.06594188395448929,0.01958017886551164,-0.14937278262270576,0.1544047068259059,-0.15205645360308487,-0.0028611818697508225,-0.18855997259948107,0.04978911521695073,0.05829972422203509,0.041623924286908434,0.31906356646072886,0.03551132100060279,0.09641761356862677,0.18768035411773956,0.27378896820316095,-0.3152943747694664,-0.16574569771739647,0.10349438228764891
1019,-0.2938381589748452,-0.12114841222173826,0.06909675897602326,-0.14014488711234008,-0.025388474872110624,-0.16359513764846856,0.09082723130665063,0.03220866488728781,0.24868062526391344,0.0495900613484627,0.027856763112917394,0.007150261094440144,0.21728805216901215,-0.07374884544981591,-0.17303207068594703,-0.09771795357941039,-0.026823445384083686,0.050852559122021516,0.0037894406354609896,0.1593930427791479,-0.04455203837494554,0.09968485556747651,-0.10736918217064773,0.012917595552030906,0.20731033097714374,-0.04071523727450138,-0.27466247836597485,0.06730025298753115,0.20125485528819767,-0.2649469127268068,-0.16612935471808063,-0.058283948911919015,0.0705048750952556,0.25869773719094763,0.14850903134242013,0.05668432811704092,-0.1250487047786413,-0.023220149489314088,-0.13279521149977236,0.15458465697301396,0.18114971748204037,-0.030882480406571426,-0.04356988356568684,-0.08566316147905695,-0.055149502898121976,-0.19834030124329535,-0.09585687807430114,0.01638382507557645,0.04511336257048611,-0.13117972115660478,0.05894960657257656,-0.012777294537494249,0.0203034014445738,-0.039687973965584246,0.0005300795021637759,-0.08084699193928305,-0.1854129472016783,-0.02347489112782439,-0.21419786274457622,0.05169102803257715,0.12268253567059087,0.23119641397870505,-0.16935361670305474,0.05715391501770064,-0.02891469072648653,-0.1779425095833877,-0.09159556408770012,0.028615875309214434,0.16425590850548266,-0.018161617855916166,0.12006371654487023,0.003825975474817753,0.08586215577733167,-0.13474999427645457,-0.18572350037751265,0.000754028277282913,0.01241677038353052,0.06614312565519397,-0.14778460891970036,0.04772137161209564,0.06209755057665751,-0.03614422259739497,-0.09606723594483796,0.10078742643983207,-0.01482419513841311,-0.11827535794811306,0.05965745753516242,-0.1587159577253163,0.12077948388029819,0.17424762436885124,0.09981899380244383,0.015373899964968244,-0.07666163449625757,0.009464071426324288,-0.05514846869168502,-0.07628171224939746,-0.16518631378798707,0.06399206312909676,0.09429659875681139,0.02797096986224496
249,0.18777567538707365,-0.08424304716459814,-0.27326001738519,-0.05079543335569141,0.1561570091528627,-0.056203334914584915,-0.21335937493069193,0.022612625182651173,-0.2423393768732481,0.009792632658201083,-0.03969162784377053,0.10821757130976604,0.004423493889380928,-0.004509999739671432,0.13648885012655732,-0.010431394183227216,0.2764362915206246,0.043874597628805447,-0.07219840723651914,0.04160902663013453,-0.09006359716785586,0.12914606634298625,-0.0581780928704357,0.32911024629493474,-0.1332584128814466,0.0257033799273496,0.08663908239403366,0.18769876820559483,-0.06563768370191433,0.16982689100728385,0.1802962412819492,-0.0223356446065025,-0.2261347288491589,-0.09519181201510113,0.019644340996836093,0.07322181535874475,0.014230945911817743,-0.002018044488476633,-0.05559247592353521,-0.21738879038814374,-0.09720133295031592,0.10366223464949448,-0.09581036328750754,-0.04684967479173842,-0.050153348550243226,0.04103832904580308,0.0001329162732218375,-0.03815919501789544,0.3571275833271621,0.09220990171357052,-0.1811075785365197,-0.03508899174689522,0.029059989912962846,0.057028729630413756,-0.2456139461124608,0.38612372334976114,0.06938150157461896,-0.10907673124954688,0.044698038945450644,-0.08067353187474453,0.016856683442789303,-0.01067059690747539,0.19056197977910977,-0.16438198588298839,0.08050472509376831,0.13293801416106654,0.07141039468275735,0.004543287826124719,0.008028667964014156,-0.11765986150930113,-0.06928968435050184,-0.10068989970174871,-0.20790448088128224,-0.11827710915939013,0.21358908369592233,0.08615923223617021,-0.13875550480175036,0.134997315806673,0.16617975421054265,-0.012466746604423611,-0.20698760987301357,0.0045361454401798475,0.09525669468488532,0.010089878831428123,-0.18403823875389075,-0.1284445627696391,0.08359250167471285,0.2695311842172366,0.12445190505181193,-0.3139295498737905,-0.06750378091739237,-0.055970630984131325,0.03134077421182132,-0.15278948934309297,0.3095189667969257,0.1555613465022356,-0.0672186820780176,-0.2276525283431323,-0.1467976913716075,-0.009666520469613736
1005,-0.33754873081262615,-0.07269947285151608,-0.12722142466542594,-0.15031106981505207,0.023207263557511997,-0.09077907948369456,0.13415321969874253,-0.036887814438024795,0.29380919483251927,0.1014737566149859,0.03890303200415877,0.04369158693286986,0.1364918447781525,0.004621176955935185,-0.31792764233851906,-0.05914515078434001,-0.07093684766598293,0.030604200897463487,0.08697684431581643,0.01792943999860268,-0.07914805605464441,0.006909982788220799,-0.070615847449007,-0.02797759783505134,0.16848862484998178,-0.08885689056213586,-0.42036806983115854,0.08407515719169732,0.18428832314057814,-0.22479181753199468,-0.07552607783978023,0.0038634035889511483,0.08803948544284496,0.13826372053738212,0.11477657054258088,-0.09699855800139781,0.0016387461319477702,-0.04930413124266204,-0.21112388891798045,0.09609796352742504,0.11215631295146762,-0.09108947870479966,-0.14338702403984113,-0.02070259361048017,-0.04723111953112028,-0.14925887760071394,-0.05378399695150664,-0.0039529102564479415,-0.02977141308194389,-0.007882883880513282,0.16872021742423848,0.09963320095014927,-0.08250939955463209,0.014863861889787005,-0.017304392694699352,-0.06374543709727579,-0.22974892997444954,0.0642553251277427,-0.2654581565737793,0.04108328579106334,0.1349865221485087,0.06057626263869992,-0.1892812513173715,0.013879005718587849,-0.0038082625741535435,-0.13775532064148271,-0.1980204227840419,0.038107055970619454,0.09601916039475869,0.015100048586017122,0.06937595505148667,-0.013319896593266167,0.14123790089664726,-0.13179570662618448,-0.2693730138700053,-0.01679187915654253,0.020606378914482693,0.10085062938586897,-0.05621176635190614,0.07843737830731046,-0.00046960627079367927,-0.09115841232477041,-0.11578777213294818,0.15239390297878244,0.03934215492002642,-0.10498217688672687,0.07334371551198973,-0.05115717252514955,0.09259150698721261,0.2757589904407403,0.06552697708288328,-0.03309213193298178,-0.09762768917333896,0.0949167591329706,-0.07144853281389031,-0.009618000592307673,-0.09812477960424736,0.16292542059430767,0.09922161184031479,0.017557222305889682
37,0.28805690715857596,0.1597240505403312,0.2954956213400194,-0.029202151712596398,-0.25077711728718083,0.1941054479305851,0.12129374395779002,-0.0831605121691628,-0.35579762907832485,-0.026812855951711796,-0.0031185116798411647,-0.1333465952857897,-0.12622232304665829,0.05878747577074938,0.2016389109094974,0.12542293412425543,-0.02221071428344552,0.27277843099766574,0.17627481407053938,-0.0014195078359045524,0.11664879990022754,-0.13508719727548293,-0.05427327826923346,-0.09762154976196838,0.10998468328941705,0.2237088601536806,0.3074979277241591,-0.3077420924181983,-0.12708190535157593,0.1139928421491418,0.25015929126317,-0.14202039746930303,-0.21558061641534793,-0.34906341456922213,-0.11152111550028253,-0.07069138657091481,-0.13444956287237306,-0.2807717758513715,0.1219854030351674,-0.1419581264742343,0.05191905437427995,0.030999606038918607,0.009772162668350163,0.11332970398767099,0.08498002514462422,0.17425927011551356,-0.04615156279279385,-0.18484748759668093,-0.13016430252601832,0.1691285160666648,-0.053522750277267474,-0.005610856898912266,-0.13283077485958214,0.04469623865222329,0.028511854874094994,0.01423728889569778,0.09205362996370947,0.27688144280217275,0.12674837229471622,0.22548173823428094,-0.16826458651487716,0.025054346830206825,0.07256667512662998,-0.05106757588423592,-0.18075831096995834,0.1249424744126451,0.010830097847829461,-0.022980535070393382,-0.1689417907510602,0.10290349910733418,-0.09223752426940272,-0.04512263883348432,-0.1231580167968182,0.2846964151383337,0.24638136825484863,0.039746966790723086,0.0598030688550077,-0.17434174009859127,0.03163102083955781,0.20518718484858706,0.2333295063738606,0.24069546332419386,-0.07298904764071476,-0.32831727353673273,0.12173329890605736,0.12219695966445503,-0.21913969892814378,-0.054657737407446616,-0.4147439298410853,-0.09552463002783189,-0.3010788188170601,-0.053438084324089995,-0.03242122769193103,0.06635055479754924,0.1324870866505136,-0.243084560021372,0.20338774516781508,0.115828155168217,-0.027567181874252056,-0.09362165627444433
1006,-0.23623335767815754,-0.1647330123328854,-0.07726304477012422,-0.10926499040292613,-0.06306366739695381,-0.05757612329169621,0.1432895710638358,0.0037327287855865917,0.2025656648228137,0.1737030208927988,-0.02123443686527514,-0.08709290024238969,0.07106421981056212,-0.07379850852616204,-0.2967333627570106,-0.01879640880582963,-0.06681406330680693,-0.056580602422187355,0.12374454195423579,0.09783473528110134,-0.03653568287678892,0.03281704230065896,0.0067353608353036614,0.13604562672811837,0.23731983910271415,-0.101034138699592,-0.3317626136746256,0.017330399631965643,0.24831408258277574,-0.32841476739519665,-0.13338424394611165,-0.02179537826463228,0.09431769690449548,0.2321216614532779,0.19058615518517336,-0.0798406118204139,-0.1695123861084088,-0.0897463323557194,-0.17143281980720507,0.0689858280722829,-0.056544610214479624,-0.03596994131951925,-0.08972758021638501,-0.026300854723375906,-0.10627122509398666,-0.2769567799494776,-0.0828940925661221,0.08946191705655875,0.043344701361646705,-0.008915780582912487,0.0333243216648697,-0.01482689974741123,-0.13744238068358458,-0.06553255485001508,0.062189726881060774,-0.0996490906533607,-0.1708211740691063,0.1758345650584597,-0.1235943417611913,-0.08240912214163493,0.08422164526024821,-0.0335936729732035,-0.27533673217329907,-0.07368867214385168,0.04769230651723995,-0.20957613831419256,-0.20772626333711366,0.12621144049445338,0.10809658894653905,-0.0012197560292607366,0.0034825232463761226,0.04637245882517924,0.07748244812464773,-0.21271602122477196,-0.1370197421491385,-0.07739726325067356,-0.014280801411923867,0.16850556372350436,-0.17686916831158658,0.0002517554871179401,-0.022922046535806363,-0.08061076209780009,-0.13381267963510965,0.27721990330154334,0.10257301152497672,-0.025841017865587106,-0.009012681030418874,0.01223556191559877,0.09089848919418449,0.21452698202720738,0.04202122507253409,-0.008361657705928071,-0.09517387162542533,-0.03733663008658543,-0.11931225664126367,0.024868662185831468,-0.1345277747265649,0.09807140767619836,0.14853276560384848,0.06020006812277271
1373,0.0793660658537978,0.08789916243527506,0.07340728293429924,0.17992972017889103,0.1471395708148595,-0.11952826098636377,0.07181236458538681,-0.1527308593867926,-0.13338009305109022,-0.13568391233957147,0.03358606488297022,0.04519446432347669,-0.1775054348472572,-0.23964867110821725,-0.060972965007716255,0.026875614859087436,-0.07018890792845693,-0.3130913310855813,0.0019414388741178495,-0.044055937081376964,-0.05566949553516958,0.10296413906586277,0.39582062551797226,-0.2893464148315514,-0.21150989188105443,0.17606553540155148,0.10692021003165539,0.0208162355663261,-0.16642061616495316,0.12726396885453853,-0.07417690449709391,-0.17834394481509766,0.32731239982326377,0.06597659382473321,-0.13290655776992244,-0.05480520996586929,0.1629481537673744,0.2767378367724933,-0.09818566911694475,0.2866502183334101,-0.23352242065800247,-0.05973253717763042,-0.21920508627520963,0.07483237350600838,-0.29448630806586545,0.09451691854954061,-0.1993615134080555,0.02090771458221775,-0.2106901619824886,0.07550757069546499,-0.4130581987684027,0.1680524773280543,0.00580310368756039,-0.14439348160259036,0.058478367066841536,0.05338007367795046,-0.26048476736725024,-0.11403849695828062,-0.027850239662270453,-0.031219807260200856,-0.023756404302148603,-0.45644855464786843,0.14050606959309497,0.33137708482198025,-0.1726972725345828,-0.03363960704233288,0.2804771424428377,0.17366508080258178,0.06049796421006087,0.2762454951888005,0.09236498085943662,0.08219629522787125,-0.03071771919466007,-0.028235916052662045,0.19150399534489257,-0.010886502043441302,-0.039045932023735526,-0.14820296987761658,0.17520038094066528,-0.3953072028734445,0.08109580577132133,0.052877343286825425,0.18219310103120465,0.0010055495416348048,-0.1312982584482045,-0.2607357102891033,0.1511464344844304,0.06109243562130174,0.16652169951959778,-0.0357615985352099,0.5001196683371067,0.3897033818701464,-0.27824948463616217,-0.12063905304407022,-0.23438045951397307,0.18923061040662714,0.12951219696279995,-0.304065838083864,-0.266269656372687,-0.15680218407293273
51,0.25636476600109986,0.2722591722621481,0.587407686255804,0.10303495487897223,-0.238128953939678,0.18984546554310952,0.11805836105524753,-0.10669202139549522,-0.27700303999819276,0.15668387667123126,-0.3572338810857407,-0.001525994322357095,0.02057430831998663,0.11380975060472094,0.3743865025484927,0.1891150203898198,-0.128418312261488,0.2015249791399653,0.174967145496289,-0.01964617672916127,0.2853966219140843,-0.073596493252996,0.1202550164359516,-0.27659907800381883,0.21382851137261086,0.22332849586457307,0.265465632991821,-0.34902123796128737,-0.16566478881318888,0.18365129035793484,-0.10289632629452439,-0.1449301512588764,-0.2630611075241362,-0.3154616385089303,-0.15356507551978815,-0.21353707912168904,-0.0403430508311094,-0.35831166794656016,0.17780576999416164,-0.1624252024043454,0.0946677496719552,-0.061177253986238,0.2323595153272815,-0.08066596323481698,0.16701402479776853,0.16840918526383494,-0.12351187920923683,-0.24631268904271544,-0.04309386243953366,0.16744111932920083,-0.0431460100409125,0.029529886180291374,-0.22204367497109134,0.2677968351067578,0.009978551153406335,0.13551218100910511,-0.04101778438419161,0.3775963557350301,0.029692438122040875,0.17044281330025124,-0.14167254339718507,-0.022494734345428726,0.05706887856271668,-0.0030334861034782674,0.03993380944229296,0.21001187021006618,0.11827424848833193,-0.02323001425156752,-0.08035289862876722,0.17549982122344548,-0.06536418316095619,-0.051083838921174955,-0.02998143376735549,0.1502182834132411,0.32734877992214495,0.24005463018400694,-0.007957663369154797,-0.057801027721504805,0.10037450986220596,0.2095956828155528,0.1812392773415881,0.2036344261612992,-0.16134381743151244,-0.41558410963382175,0.05609063997492059,0.16854755108398628,-0.3400293049543129,-0.041661653429204346,-0.5561990688272913,-0.23056132316665567,-0.4369777968013317,0.011296114292376848,-0.030936659184539767,0.029456196807129617,-0.0889110281415754,-0.1281547398250053,0.27398254685536133,0.03454412649484149,0.1775927804180571,-0.1665708572891859
1,0.12676908403726864,0.049083027884673426,0.2725707878094448,0.04272955985205446,-0.2587876538359013,0.12590807404140364,-0.02007722504406131,-0.2744741562079008,-0.0035526442522582306,0.10836542714477546,0.09796701537364061,-0.08881492867820415,-0.13479481081327932,0.09882293596906401,0.3356157319326306,0.18406927734784453,0.13518395653181747,0.3382863858472808,0.10583078240675758,-0.03349039956216303,-0.05802718174721921,-0.3481705717665035,-0.06981618519053187,-0.1840243341446379,0.11308400242467298,0.24548903213659937,0.3791383015718735,-0.5419300155988283,-0.35481193844424674,0.280899297326063,0.029428494439361345,0.16894186966037852,0.0767921839604428,-0.4548055354154455,0.021716708130036535,-0.02872471563031756,0.1445206544832801,-0.2956588888800821,0.17797419125627778,-0.09013884734993975,0.19508316939147083,0.2937501361741264,0.12889275238161255,0.032880873803181686,0.20572528904293969,0.22427965462798416,-0.0950358287415175,-0.15898477380026219,-0.19890168421605134,0.14734321941760176,-0.03482198440731472,-0.07081715088491111,-0.12612477192544996,0.07877087125828093,0.10158908292003038,0.04371560470027016,0.02150394184516364,0.051674932395536166,0.3747607504426978,-0.010089873383557373,0.06002282672224712,-0.26345795159444374,-0.178728175574497,-0.15021459454274824,-0.07704362441413481,0.3046587159352376,0.11918900093450606,0.005822385984264589,0.09486853249460239,0.1065276250332485,0.05516637826902357,0.25398611430309553,-0.07959675643715607,0.10832720635508332,-0.021898298229310817,0.10279471591074194,-0.005931234578536748,-0.021592328417750786,-0.08347023613249499,0.05960387037616169,0.18856984480391442,-0.07780705967509834,0.12757701120849946,-0.22075562746049934,0.1925189701159996,0.0893417414139116,0.026338622539681503,0.06793895778355849,-0.4538248833662144,-0.1625389715602818,-0.2995132620058286,-0.03446912909320809,0.03353484270798159,0.023908083191863928,0.20058754552429073,-0.1020840332437324,0.23548600358181987,0.16238050100651272,0.1052097477205391,0.06711850820874495
134,-0.012513643919266787,0.034731615599315216,-0.2597135501777505,0.2308161915802075,0.25049966922553973,0.3480103782164576,-0.2857482473678873,-0.11689340155194307,-0.04970668453760253,0.0460315632688304,-0.08638686586390365,-0.02522135697665563,0.06106317907211315,0.1273841584523724,0.05760096362340384,0.023315621767018558,-0.232780455170067,-0.1628592225520663,-0.06297918359858365,0.031778690194908484,-0.035152638617391506,-0.17799045051770854,-0.09045689747427864,0.09922331274504387,-0.27612775484431085,-0.255566419458027,0.25319411089546945,0.33662322842655906,-0.13492104525135817,0.1498884465812243,0.1155942030889442,-0.015099594547792168,-0.11000425195064856,-0.010883345598042458,0.061279287409482595,0.14055689384139092,0.021568015673380292,0.2040858325190296,0.3943493562986183,-0.05268969905485235,-0.11996714671950404,0.03488958185433676,0.18633464179874218,0.14360400406171353,0.1268522743073706,-0.15892043429634523,0.22236396205838857,0.2614720888775392,0.15391142732126273,0.039138960992989635,0.11019892976406719,0.12791314096182468,0.12589386768359878,0.15614140750583533,-0.07809356834292715,-0.08417631076079109,0.10611429555411997,-0.009440994254304036,0.11106753569118047,-0.060133747332271115,-0.03682242438460925,0.048355195259060575,0.0774865135450969,-0.05668985444002552,0.2769529748782558,0.0326794328152047,-0.002754859621053128,-0.06282948542487993,-0.03942652360461847,-0.0005693132051553132,-0.032007529567638304,-0.0008285033071094136,0.0008629071010146189,0.03920460405373281,0.12896020479245254,0.03566488783054861,0.1934456674314047,-0.04296855763620978,0.16496688828629946,-0.05363361634860413,-0.15880860278563777,0.018735294842344274,0.060590614310773734,0.1684912461615264,0.04432354847528776,0.1850801723014748,0.027305553323897832,0.19428159167749576,-0.17226518601700852,-0.15639559029966,-0.004612035967651873,-0.051392180224029284,0.04496088174977801,-0.06732120163970767,0.2028003222989022,0.037228022194562914,0.06838278218701116,-0.23089921767886218,-0.1331474034841704,-0.13109354443980065
1010,-0.33347243017561995,-0.04648356763995512,0.0032750978121429825,-0.1489810047690189,-0.009077402156508539,-0.1251378842370521,0.12994496504004155,0.07718381050972004,0.46156363394274735,0.049488075104299846,-0.059071606059163846,0.007621873239631513,0.06248722385309466,-0.03742750912926858,-0.08089017290532041,-0.08532573105738177,0.06805717977395305,0.09251153294626213,0.05543834538088192,0.18460895063548993,-0.03181583315227764,0.18475993298890533,-0.01509698735924994,-0.0517860688872743,0.14501348532509908,-0.03651908965282188,-0.4106085341186781,-0.029781818665270778,0.201280328311151,-0.21853109096292994,-0.16569030385947744,0.16900743811233304,0.12114373811955365,0.15255049433857015,0.07842237515182492,-0.009162570841663342,-0.034710761488292725,0.08951222241737489,-0.10770135094176521,0.06763576456142617,0.14031380813830213,0.07266795594576494,-0.15861776127883256,-0.07299480363961781,-0.045952644786840115,-0.23860966229568073,-0.06661969226882135,0.0396203989695279,0.03878465492585998,-0.04055777716309712,0.0800436472763164,-0.010088636585952422,0.19340819115853394,-0.03705254405308253,-0.12029996193115404,0.13890755096408988,-0.12023803823228855,-0.13721577253660278,-0.18423781196242098,0.08411849300759115,0.16372305885073749,0.21813545677893934,-0.08980876940576477,0.062402503874140154,-0.0683570210283515,-0.21088713679652485,-0.1781474503802806,-0.037867520606426064,0.09982826043617912,-0.02141337219240888,0.16578467987600834,-0.011813401956399853,0.09404363717472058,-0.13779919039448785,-0.32466860207258824,-0.029457262884094153,-0.05662428519217797,0.020498412097005723,-0.058082976307461356,0.15935139236275403,0.07506225704419842,-0.011453452759263386,-0.07821983189554989,0.17776560211330752,0.053103140724294166,-0.07860433404580994,0.07616146562476879,-0.18705672104732204,0.16818540829912057,0.24937395348850575,0.08156236991456182,0.15279341281982275,0.04706803856119236,-0.015001427588024389,-0.05016785823177034,-0.01748314996920525,-0.1925505304069718,0.18948063652973451,0.13866657427110926,-0.09214148560994127
238,0.12093474571522449,0.02924088716522646,-0.35227125122738695,0.18301058318572525,0.1738281436705762,-0.08212864324765043,-0.18902926496931455,0.13298188176353107,-0.11587617034847614,0.03411179812860548,-0.08536362677984656,0.0033226468869982885,0.08172003969938124,0.014169186191208227,0.22197824270707334,0.11549707970064166,0.24528860664571595,-0.09371049608547541,-0.04368629792472378,-0.0899211128541809,-0.21625168664955197,0.1765560453883784,0.025058303768572123,0.24922817291570787,-0.20253283309904732,-0.0202589302391575,0.09870032226313921,0.1304782286677324,-0.04734571737657508,0.20177913646537,0.12554596985941135,0.18582448427125303,-0.23585320291076634,-0.10656294073654712,-0.10545080249420412,-0.033116576208099116,0.02512462836823887,0.06428199548635521,0.07651409286681803,0.018327045903944683,-0.14130082208495504,-0.017320519258224962,-0.009655488861544867,-0.06138430150235277,-0.016019208256634124,0.01611723973415451,0.0803915953606096,-0.060560591709528704,0.3609407685824674,-0.03808194823160498,-0.11236638384213128,-0.11139485177381055,-0.14084422623527823,0.1296984194328601,-0.11082645656061516,0.22355498050719494,0.09795841989350947,-0.06889209972582784,0.04532143747305482,0.13074538391436177,-0.03696266092499392,0.01534046570066075,0.12448564212725723,-0.1325115304917262,0.012906909000937753,0.22575990332301882,-0.04326180153711196,0.04300468374506199,-0.002874651995011171,-0.2045580715581685,0.007775118346030227,-0.06901554561549353,-0.10545737057109555,-0.15228050132022405,0.2877711769023225,0.02638403128989367,-0.10903871588989174,-0.01855644676901141,-0.13776634124172363,-0.09835891858569712,-0.07416064650081264,0.013169170224155884,0.11124961067740771,-0.015954079589575777,-0.16220986387025357,0.02466942080770291,0.021838144458385705,0.439439925884679,0.22468021927335224,-0.17625573250570986,0.09511042991898265,-0.03356224159325274,0.08270389025103908,-0.12064506884315644,0.258566721228854,0.05519199416434932,-0.022964843024787764,-0.0870716810509417,-0.03160313387004645,-0.189101535204292
34,0.3097174852011624,0.24855175739055357,0.29577155174574615,-0.04776945262431464,-0.24149283001531793,0.15008055270544618,0.19094293848967311,-0.1368581019065636,-0.3131075550470468,0.0924288945432019,-0.09354444134035805,-0.10945269577119121,-0.2018737050396718,0.09397362562398476,0.21859590004760882,0.09091662307271643,0.00778610318216336,0.23096198368427184,0.0779128649373712,-0.03177363448029922,0.2367693615140815,0.014859354493466618,-0.08771649752517935,-0.12476840577415325,0.10773711959267848,0.22990164536885835,0.3029971103686141,-0.2887625653927388,-0.24692260954367024,0.20262680971582522,0.19129958945672315,-0.1534414742119727,-0.22921407490963544,-0.3779878355529648,-0.07393417175028022,-0.12925335403900381,-0.03965563190287942,-0.11964024880688379,0.12744113018061015,-0.1601659589932237,0.06122624671727363,0.055703473558776,0.04248719582797078,0.058517051888316476,0.09105076130313974,0.2553368407480475,-0.09523136121051941,-0.20045637885025225,-0.13561780895382888,0.158346537168825,0.008697676008091565,-0.05677577459967109,-0.12976671795585296,-0.043984977194107475,0.05545737008254088,0.0804557300400597,0.1476440709997692,0.3682645481448894,0.09571181436632166,0.1779969092794332,-0.18797989846179675,0.051496652678717704,0.06255926609735066,-0.05111724868676298,-0.25412683116607804,0.1288765103251975,0.018848140592469524,0.038668923136265944,-0.13565619810740923,0.07983452670228719,-0.04175665514974202,0.039058889297502536,-0.13911793238313297,0.32246290846856346,0.12018871243521743,0.04173166683807538,0.014713612425067857,-0.1163667426666888,0.019929533498258264,0.2847823674529331,0.25355723632891924,0.2627614030378441,-0.013756848324743264,-0.35355415298974335,0.15780857829238057,0.14531715002986886,-0.1863188598026312,-0.08129431084698102,-0.3508746802928702,-0.22259772056010776,-0.2693116547644174,0.005316143432895607,0.00872637582466825,0.09959543856215822,0.06733055913426662,-0.2030389889660849,0.24738389472396732,0.026174797709992162,0.12957410470169023,-0.11635949466031345
119,0.0843816587123264,0.12033050584157401,0.3805818352192033,-0.03020889745957183,-0.3589484713876869,0.16664568009947947,0.03846238156623197,-0.21542541365249573,-0.17950283900265232,0.10145404830588695,0.1335947839293979,-0.11864842088912267,-0.03633723290627696,0.14176172867249517,0.42511761704510814,0.11621999118588959,0.044207991568933125,0.18794643519564594,0.15393818391928946,-0.016897236734253744,0.10498163951465524,-0.1981269969266227,-0.07354969744196199,-0.19502695115976157,0.1723504745182637,0.2228128443821242,0.48011605331004836,-0.28621889501820696,-0.3007905151827355,0.18986179872400252,0.042579181376506736,0.02583881469913798,-0.09578463943545079,-0.4271462641670207,0.08298599287554927,-0.10773131008766579,0.053341461804066924,-0.25324467780946247,0.23295263875714414,-0.17811181444570082,0.15420585755323257,0.18710801292408785,0.08128201773606851,-0.05635516140633618,0.12782366851616878,0.25307087365036707,-0.050839632833568085,-0.14586895138672273,-0.2393857076216393,0.08523803997581311,-0.03223937233247062,-0.030526217187010332,-0.045356790869679364,0.089988761982773,0.08331972749909998,0.05119678295041918,0.1467499765664501,0.16017898757907087,0.4519081163028512,0.015426524404812264,-0.09627103907485549,-0.19474616596615021,-0.05317405866627632,-0.09097344323327487,-0.11442564757951579,0.17405481511731571,0.17704676735536626,0.005014677524788511,-0.06721855147859221,0.12615589798197166,0.0003095444964932637,0.1564047378622518,-0.20292970583787015,0.17192259017046144,0.1491313155363135,0.11973844773923317,0.02787022763229919,-0.1322660101651313,-0.029213349757688366,0.15503798637334942,0.27589788556531464,0.014611814210629376,-0.12519380106915207,-0.27342331607526577,0.22106211912246204,-0.02710152564301468,-0.08917551262594882,0.1474402447409006,-0.4571162447526086,-0.0996445052718738,-0.25604927078812123,-0.13772705020512932,0.0697360887242721,0.062039369294153074,0.08467538760007638,-0.24699271430675337,0.048286589532594106,0.17680833616582137,-0.04450786522019857,-0.018167294507937776
1020,-0.2969525275928217,-0.0507506170013992,-0.05024988060834928,-0.15286336898263939,-0.08418679145727694,-0.15742746299405638,0.1103610813895688,0.07965536897361658,0.40864444912355063,0.052484677870347475,0.010330851658253131,0.016382199502169948,0.12396413536410547,-0.044391970094125634,-0.2988210954929109,-0.09977937845485133,0.024990163248374136,0.029461440044277108,0.012913731622331389,0.012634233373607726,-0.09113127946993332,0.05332035147681886,-0.11377425926554088,-0.06522738679994036,0.18277094434296617,-0.07670431886146671,-0.4025810059839124,0.05018633961288918,0.2885115673494123,-0.1988368687680794,-0.16084022276989904,0.04604578093118755,0.0600525781288727,0.1639755109059486,0.07877281369807299,-0.008646757261388359,-0.14442875381068768,0.022005484039245,-0.19108709665431403,0.1322928336091398,0.14306020176928402,-0.011575076954488636,-0.1529096435781537,-0.06411004841993016,-0.041653373609214166,-0.19405228614637007,-0.12380723855416391,-0.011956851148927578,-0.04754083191228011,-0.05716754949861731,0.12957692642516083,0.05943334194930676,0.0362851660141449,-0.07924536504704532,-0.052097479368524616,0.0006876057540865442,-0.038668261534620545,-0.0008357199932239141,-0.2142100446672798,-0.017373915042336253,0.08898546730269076,0.2019878456949091,-0.06231455135111597,0.07378443909218746,-0.04507472748303357,-0.147214045635956,-0.14066622237599635,-0.04811037577081031,0.08109306762897518,0.009645958755500715,0.175931733737439,0.02839777210961708,0.06331024220688865,-0.14066839212550863,-0.29121419109900937,-0.027165416225698104,-0.030543855585004366,0.06445473691298097,-0.01210308406333248,0.06423695408662455,0.06052617080587703,-0.03500140243509875,-0.08775595747474574,0.1393618352187012,-0.015420661238685412,-0.1345916429091512,0.057553851943380016,-0.14193025760953648,0.13712319584524668,0.26029212050970674,-0.019511195284910313,0.01201722819188815,-0.05193966675060636,0.11605365718405136,-0.07022576434185826,-0.005956643575605792,-0.10914144051211333,0.1275113186440869,0.0975500247548003,0.031031002553741374
1008,-0.14582477885491665,-0.17163819203482544,-0.033996541229393766,-0.25355506492832824,-0.023485903803710337,-0.2364172687058302,0.08404641541732419,0.07052266780071229,0.1652835683585332,0.021485528845771207,0.07014067441396642,-0.10496800687115582,0.036651959948733166,-0.09400732779051195,-0.3042496691221684,-0.06858742492251259,-0.02593329779950782,0.10960724423794005,-0.07881394696223577,0.1846481011240167,-0.1292667520823389,-0.021276402755780584,-0.0860306273341723,0.024324995239377006,0.1403130258695463,-0.04309777555424386,-0.2585002257256662,-0.06263052713134597,0.24277021501760687,-0.2537006008683321,-0.12336541831463192,0.11627876092383164,-0.054826788272650924,0.13497329840026703,0.0957068939817395,0.04741322852687009,-0.04379986284529858,0.09893121171365588,0.0273136949642406,0.17304892984467815,0.20690112142515185,-0.1470301977671692,-0.14388809089763566,0.012867557919120072,-0.08880076781498604,-0.08235310969813286,0.006350060225813186,-0.020500915225838776,0.052596879253968616,-0.09105015894032598,0.19584996709023927,-0.08008023460541677,0.037417828660862254,-0.06591980481214152,-0.016236075095805904,-0.0713931896267127,-0.1412030814726141,0.049967148140266406,-0.24487569744623944,-0.061218859585318426,0.1639510760036579,-0.003917018554889707,-0.0106565651182202,0.07981989824040624,0.11940070487686048,-0.24214216203488909,-0.06787231479091414,-0.028431155478919713,0.1392521046216417,0.11736378644046029,0.11311293584226353,0.08177397539896424,0.0943182488268688,-0.17384826954969046,-0.215410201396324,-0.06976513547449753,0.017927323793426115,-0.00251793035167648,-0.0699731240368764,0.16173980020253254,-0.006357689676649598,-0.07652639345682224,-0.05826120004682636,0.12181903629372255,0.03513615233145307,-0.11327434182025846,0.13225971882086418,-0.16006859244049754,0.228656451583866,0.2554661374053841,-0.03511585488603543,-0.08444347972533292,-0.12631792917912807,0.15358333745621722,-0.07794125411437403,-0.08573298667111737,-0.15961462587995293,0.06877357862015077,-0.02607956587990967,0.06391404626775732
1013,-0.17911498379445126,-0.09319881574005175,0.0426910185698205,0.0306073422599772,0.0044176317801031,-0.3449203684220304,0.12039157307690528,0.2195197192242561,0.16851281689370345,0.12857349716179,0.04854646694452336,-0.09457206774269641,-0.012343527167408884,-0.037423310698414744,-0.019622523640963323,0.0403049063515272,-0.009163962825285752,0.20608832097555974,-0.1594441843677819,-0.10444210717844302,0.016817521731289396,-0.006638478781417951,-0.26352052104491175,0.001838338376137452,0.3074864732427353,-0.19977633668949352,-0.09179535945446608,0.28938920514822797,0.20387140110176472,-0.38415495430007046,-0.22844246432400905,0.19616927450590255,0.2668223723698927,0.33683522312397074,0.0599840414453429,-0.1005722939232968,0.020445701352384514,-0.17847052381357326,-0.45878312099210156,0.10104648329795782,0.03623971058045238,-0.03651149872883083,-0.2953383395487768,0.05755556947140535,-0.03232157163870766,-0.22588410808003412,-0.15726147096616497,-0.039925785281037615,0.02567560717815037,0.040581724994939665,0.12021054621591053,0.2393089855662231,-0.10609593037928583,0.15412930001858385,0.006700494753285381,-0.23791361216020934,0.08878069527564077,-0.07256296891105803,-0.3370058058309938,-0.18553785679179055,-0.09513654698511936,0.28482213550447016,-0.05527708802154344,0.021521551592638594,0.039731114237428,-0.023285680543497486,-0.03303214263859803,0.042664672895614986,-0.10812793509580795,0.3051256681090408,0.11686781952940367,0.06114034033598199,0.0764606443872962,-0.24578369994746463,-0.4114828875558609,-0.029256091512898867,0.06635901405813925,-0.027574715236618953,0.06393819577445244,0.08453654390446927,-0.034987799362122395,-0.24337256096413623,-0.1019340141789047,-0.010177779715423515,0.24028466609336568,-0.033003290227626,0.0833452868985957,-0.3705470769115088,0.1784596417539315,0.1668753932872567,0.026900159710045408,0.2658175307022277,0.2255590993879266,0.24591110683090744,-0.18428831128988898,0.07384837189985836,-0.18824600572276373,0.12154717112261498,0.211707211391569,0.060384407819960254
1017,-0.29269912824511696,-0.005938051856850806,-0.09733553242543475,-0.1255759354236326,-0.03064779516521436,-0.17634315991183871,0.08687904548074414,0.10465388353041168,0.37164939571822114,0.12244570705011999,0.07080105380029146,-0.0336023809386233,0.15192286529778956,-0.025768117694418318,-0.2744894769637244,-0.12105205177491148,-0.035986490571356125,0.04384970177270438,-0.04232820736463169,0.1036588716546478,-0.024364844124494866,0.03360087463100398,-0.11416500955708961,-0.00019136445054630807,0.1641013026552634,-0.14215709075912278,-0.4023675654465319,0.023122684338359102,0.24447744090912135,-0.1657456821288631,-0.07987585384914238,0.024843984148824848,0.0641901594434052,0.1759193075649913,0.029126983765315553,-0.08377967744386106,-0.10726660972067849,-0.01602615600104691,-0.22556963964416668,0.13026382765434402,0.15895482764368105,-0.042030020754735796,-0.15195284606157516,-0.11083275577962175,-0.07335070532362477,-0.2041669993459822,-0.11245979083014201,0.051714312280752205,-0.04672290270521585,-0.036314274136788005,0.20749885131595439,0.08767301059201946,0.054226199559839865,-0.11925736251587925,-0.009984294181660204,0.0025577498536741078,-0.13521942282025884,0.08991555928104868,-0.2114212127420377,0.019948315868457456,0.14583361552175134,0.08964099521122026,-0.09713631834087538,0.04049132985751583,-0.06861600062688832,-0.06571365637338167,-0.12348079570168567,0.03556251513058283,0.027740770422935237,0.01942059092992034,0.12677484694457444,0.028565735512927282,0.05987836635798528,-0.12946490764176571,-0.2527085628018135,-0.043775163853237514,0.020136239244082286,0.04581567468223064,-0.035818649878637344,0.10561868042835176,0.007831617056574664,-0.07044143898844027,-0.041634803545813996,0.09841168973134773,-0.04593150037402995,-0.0797227170325411,0.043393041053731624,-0.06914107742993217,0.08995390269322158,0.29923844975259345,0.05208541482522142,-0.02223036789671782,-0.017396839786342662,0.1296784980102221,-0.050679807179231845,0.032936779734148075,-0.09174038422347464,0.09792362828801263,0.11818010037980688,0.052137583252538255
1054,-0.0891737770907658,-0.1039991174529454,-0.12783977113755154,-0.0386067080661845,0.025213739112007545,-0.11163507744249476,0.11719562563435913,0.17736224084059035,0.2679274369811392,-0.0990482926919509,0.048802443603149,0.15823902452101693,-0.2717835585828617,-0.10671820186280788,0.07977799022012749,-0.0508326137472487,0.3904928886335666,-0.05766081622172603,-0.17008088564563703,0.1398117857876187,0.17060109695003886,-0.08841741071971308,0.1247582221662992,0.04026540926995762,-0.1007647964927243,-0.1961799362835805,-0.1014176228546618,-0.17865447566037596,0.10001260924127839,-0.27711038620656925,-0.06781866068788911,-0.18732435935609473,0.03901618156883868,0.16689150288960158,0.21193976549037322,0.11041342739368207,0.055026209598302865,0.035246863322355576,0.04200584156925267,-0.001382461952014924,-0.11685436558269711,-0.35175580920000393,0.17351800675033716,-0.08808623666859829,0.08648354516857763,0.410502025070647,-0.3474431224831022,-0.14799511531833806,-0.06189432603830693,-0.28981630107257117,-0.30374456456232635,-0.02900721383769677,0.08369437947152981,-0.16291034549989789,0.20035613249394563,-0.19027714012642324,-0.17540493682695757,0.169517390565757,-0.1858514196149512,-0.18569562837174802,0.010591095532378502,-0.0436206740882202,-0.14821977849273762,-0.2970595874499082,-0.12697849493284008,-0.008575399469331309,0.05598001261756604,-0.15651920719878107,-0.14113611480975546,0.16608559676445103,-0.27095277158220266,-0.35736559371801485,0.08018240368037502,0.13216721892968428,-0.05679352348159633,-0.2770370672950426,0.22008304046738272,0.4313900767398764,0.04527239381342593,0.2167301651352837,-0.21133888644171825,-0.20184673120684016,-0.209050498230234,0.06314485666921664,-0.07646259519603531,-0.10439662383255176,-0.30504878018110204,0.15722206867357513,0.12287033903190658,0.09198125595819635,0.4061253266506115,0.13917489495167326,0.007199550861232085,-0.3424540725520101,0.06154718505186763,-0.028334411840803854,-0.08661828598465701,0.03779165662434383,0.13112640876827217,0.09485391434194565
199,0.29630072614118436,0.046798396865141124,-0.33044170305509185,0.029172939426948822,0.13264374106019342,0.2358165944249583,-0.2884279476997858,-0.02447792527919184,-0.20840276147163098,-0.28319321987668844,-0.10911429396227272,0.012587092362408691,0.01086823640145869,-0.03577747877953757,0.11525932632262982,-0.06662436445440954,-0.03936208806788604,-0.15210781288036804,-0.13333558101550397,-0.10270800316308515,-0.06789563535327074,-0.0394854033819286,-0.03657398567271546,0.2351905065173951,-0.25137621083240536,0.025682363725002127,0.19356688287300508,0.23406277792970173,-0.2932458028583845,0.2970372608317334,0.07687749807238933,-0.13213310115406415,0.055241827100453215,0.038828853513426485,0.07759000793285996,0.2973127265356586,0.03603418513859895,-0.027044185028290795,0.19905871690452387,-0.1499068135412407,-0.07702310347337613,-0.04386282079992448,0.2012626304518302,0.22152407782982042,0.05594947227985409,-0.009271705530733408,0.2633153279389167,0.27962307470939607,-0.041995882752440546,-0.01034169529722101,-0.0032898947713403148,0.03560131583887905,0.10615550482600053,-0.05164251882793771,-0.10014137368836286,0.059137707719149654,0.31841629981017694,-0.20576821295430026,-0.10508621865987308,-0.00887446267219374,-0.15168220126387288,0.09270015488229331,0.003935071632594352,-0.07301722526015599,0.20746485527876748,-0.10734001160111926,-0.02996960413250991,-0.11081991245239167,0.017767280834897824,-0.22762022623709494,-0.09926773606602352,-0.060740662578964474,0.2848847402684265,-0.037260773305146495,0.05864587177787011,0.1396889612067338,-0.09846733020226353,-0.1260244097125635,0.06616588574161597,-0.17320443983004274,-0.2564225068750586,0.1272124481378321,0.062159521645366325,0.1841910168357729,-0.10954933228207199,0.11278682906292649,0.0329912083301364,0.16267982940663642,-0.12574963259386887,-0.026762926142835593,-0.1263447688165313,-0.13682740576089236,0.21199379921980774,-0.0274320130228556,-0.04717808106441367,0.013295170687107229,0.23502300196684098,-0.11612133377884544,-0.10917149925231158,-0.01292083956832475
155,0.2933743972141604,-0.028845634539560332,-0.2965396109487901,0.11741582974775026,0.31805276883186817,0.18291589648933246,-0.18549966606569115,-0.0455949220163242,-0.17175137436251234,-0.02263664969921947,-0.08137751906330168,-0.01626941407480668,0.013310772425413106,0.16791405318621935,0.19861079441119345,0.08281202760687767,-0.04272469525242122,-0.09823654585921975,-0.17281086448719732,-0.09273329721866294,-0.06765829418366762,-0.03774330225766596,0.08447199621237637,0.19326845879577786,-0.17875182896700348,-0.16106549123725836,0.37435998658955333,0.18702891272173516,-0.12804056041641315,0.12368222659544319,-0.0262841495248632,-0.06713473654353358,0.01517969424581841,0.06054598986609763,0.0762302070217742,0.3293284184507027,0.1598734148490017,0.07593173304496742,0.2309442131115864,-0.2130472909252791,-0.04584132737904627,-0.01948489453204216,0.1591038364567771,0.2477419585516698,0.08733335586734038,0.009421721884611085,0.2995733148367503,0.26457883213865685,-0.05372454224514844,-0.0067955180940168685,0.006010065002717553,0.12675504462605014,0.137262824841266,0.19766552356686645,-0.030003959889126144,0.14199857384950948,0.2209127310283816,-0.09039363834284632,0.031472183999026584,-0.19067873058014173,-0.06340842453638978,0.1217008756943899,0.07794155329859602,-0.16470114887111728,0.23956807391904825,-0.1970074466418887,-0.035718514121762475,-0.08096740144088048,-0.05550450288687096,-0.16362666244525198,0.08447990840833244,0.07228387872117273,0.18665400920435893,-0.12440393431500228,0.17204342495752445,0.029831431303780638,0.07179375396899308,-0.03308866873950738,0.06778460802813782,-0.22634758939303257,-0.007896408590425745,0.07902101574111675,0.160668768301872,0.152517087743998,0.0949700623217181,0.12652534203272553,0.05383850990903003,0.024570688144213152,-0.0901678846250897,-0.06241868802680614,-0.1116050060714324,-0.040455951124747744,-0.03220582581076704,0.009571641265570988,0.02953213287236059,0.18523985508827864,0.21473575601860845,-0.19110719613868893,-0.04106834207757407,-0.10691351414084686
71,-0.009337059513896302,0.165697723924336,0.26902614069882647,-0.05590034466347746,-0.23283040068586575,0.1297718888464824,0.05177655785654701,-0.08461608639184591,-0.1284527260981639,0.0648684032502605,0.13056886337589263,-0.09110042032907846,-0.17236613066288084,-0.04875970554995991,0.30147752874357137,0.09768309314529616,0.0006160983062981436,0.08053876666679956,0.15776353218121658,-0.0744219853491598,0.09117533848864154,-0.0454368268236399,0.05741154039639877,-0.020832798667539013,0.11374266619968215,0.1496019352169071,0.4039188675369951,-0.20090755255224596,-0.21971896609967406,0.14676942644773622,0.23490846989799608,-0.03310692655543542,-0.03631757250182269,-0.45382267859276104,0.10729149852055563,-0.009763683488229381,-0.03208588506626516,-0.1495350804153581,0.21114858674907008,-0.15166613483442962,0.1616615988835942,0.24107307193787694,0.0240516563443574,-0.03491823078718395,0.0796775989382166,0.2619484376438356,-0.006946771782054876,-0.12940685721806958,-0.1397595397416112,0.05627965774377335,0.15071212547718696,0.016950215390408214,-0.19716265033498234,-0.05804187034233242,0.12271231349148645,0.04130260468419141,0.13847929255703803,0.14617650904493726,0.3633059538425855,0.08367425149877572,-0.05871869558715646,-0.13449475996596214,0.0036408492974332805,-0.05676246302842483,-0.18876460435486056,-0.013419139199226436,0.08896719760853689,-0.020340890692240546,-0.08575759995257913,0.08289365389348789,-0.02588182560940485,0.17113085335554537,-0.22933507714971435,0.24782307405550189,0.20341648438470575,0.11364191706184912,0.14563487971194577,-0.07644561604611241,-0.02048750790040389,0.18349445737639186,0.09771643810783029,0.08130926266469903,-0.08631829734051662,-0.2865918161029384,0.15114720639252283,0.20369912592804926,-0.09859479985258993,0.07479091415726524,-0.22904472959023037,-0.1784003887222154,-0.25334716478649283,-0.05219958490972651,0.03334694272878101,0.19358973917356642,0.025742689495747286,-0.19441186335722072,-0.06007813803576341,0.10945408308717144,-0.011417493512270487,0.027232610416884098
1175,-0.07871176239635808,-0.07532328878678009,0.22929843851504267,0.14410311005491952,0.16951145766554182,-0.08720927444855495,-0.3345466684622867,0.04684619730266742,0.146007461432246,0.06939889152079816,0.05905012408662498,0.26913875355730205,-0.21343048438780596,-0.14167866222570158,-0.27943729095474595,-0.050255606649115374,0.07815214477281196,-0.131948165186943,-0.2093570167801933,0.02097563483444912,0.025645741326115565,-0.25323318053153726,0.12370686852409968,-0.2082355521718407,0.07835479925940403,-0.10925255748786454,0.010551708977469196,0.20027119509596383,-0.20375125053686077,-0.1425843126220162,0.18417095746474962,-0.1276126833168421,0.20505410085679832,-0.08284367464526805,-0.10238679732087436,-0.10287985361140792,0.0206050746928874,-0.012294055088965366,-0.11311848272314448,0.0527070564132118,-0.34053609781025806,-0.08410746682590386,0.11099851399220095,0.09837961786982036,0.0012407994430690954,0.1058596331308723,0.1971099429184078,-0.19370700353382872,-0.0690845917155219,0.0930465656097554,0.027469746272902867,-0.18354314464810353,0.088669956891364,0.006269300000098019,0.18900556905176297,-0.3043450764732994,-0.1654270924560695,-0.17401373524497254,0.07227979460092639,-0.002055896407198421,-0.11621662682287527,-0.04871027975732037,0.19432655850150682,0.04554496538214815,0.13466335200292892,-0.0555756196407177,0.022201202392014955,0.19613524558407436,-0.13301692043902424,-0.34396659401691887,-0.05480239913298282,-0.09028702251109282,-0.2862092445633841,-0.06326820869315934,0.019608663351245875,-0.0776484554935295,0.10959168887495932,-0.1976017088267278,-0.07970869104103101,-0.05569382030662953,-0.33415134748825653,0.05172513283957985,0.28393094163702,0.07389753601109356,-0.03706377591295807,-0.029263912899031786,-0.1349674068022967,-0.04230466398150711,0.3124329069231903,-0.28472642186664937,0.11309184968001981,-0.08435932789883839,0.08499643652765067,-0.16214497502544997,-0.021974907937084464,0.09221762081948885,-0.17710967121542123,0.047664702778400736,0.0830706244726311,0.32427658614432464
206,0.16274029973598997,-0.030497194237988523,-0.32780936369730185,0.05836033451080389,0.2000293027210562,0.036354404430465316,-0.23289784920377246,0.23804490779544604,-0.14347693338280135,0.004174595560355124,-0.11131258203993993,0.05990446425996957,0.0886365574190561,-0.030883932908571398,0.22008463520295804,0.07138614401036522,0.11246193277520841,-0.060330160583038854,0.011800510935337103,-0.12957013775212342,-0.08657596436124305,0.19605670632312794,-0.04929692171789953,0.20557247937382775,-0.1839801701607095,-0.12490229204454269,0.093950934505615,0.0647566880451032,0.0037523341049299913,0.21310605884748454,0.08209145334096077,0.038471286711417446,-0.11062771057232712,-0.15613542682611573,-0.15315827531043924,0.09388862505866377,0.05206407251328706,0.08369768338997784,0.0749999699980764,-0.11219166712391071,-0.09136510767049896,0.04201588589259118,0.010461956235114393,0.07293002336611072,-0.013057033204512956,-0.020008032126154523,0.08297337389307473,-0.06521173203426713,0.3177256592346031,-0.07375895995953538,-0.1465695231531654,-0.1343701112918673,-0.11810218465435023,0.07609964919533876,-0.07183581595577299,0.1295614173062122,0.15677608063667667,-0.06607266411613111,0.07535843541732581,0.03791483491723385,-0.030797514655265017,0.05902796943935245,0.1075047206430853,-0.20908365546034532,-0.018762167078377006,0.2355698936875036,-0.009886745502112286,0.08082335685444886,0.13249605459101188,-0.2227374886876837,-0.03949731283493855,-0.05761151398249535,-0.08116173781086082,-0.0066374651041038275,0.14048081837764564,0.06903992850717242,-0.12881213868388716,-0.08581343546327128,0.026055664667515386,-0.08711622554227057,-0.06286926930755528,0.00842815069675873,0.10794615963541059,-0.007527781858401709,-0.25084337524399014,0.053315685961686704,0.17660358030609483,0.3249114228211111,0.3340184914934768,-0.2453958540704301,0.012249884103128864,-0.028556040405483863,0.13185519191369593,-0.06373359795232258,0.2880486944941212,0.02498397507159471,-0.00881909671726462,-0.14401637718107138,-0.04361997906986608,-0.16727999950404987
30,-0.002233338830185346,0.1658787318822354,0.30529011236998843,-0.06823219179150485,-0.15708461403985852,0.10873388953025934,0.05606174549018734,-0.07860666695278522,-0.24771575489841585,0.04416076587237846,0.02805599962782016,-0.13692232231717327,-0.1358458304103001,0.0033923908606030223,0.2723240396181433,0.08255069879554952,0.021564447498590295,0.09190831795722151,0.05809308250843252,-0.05491633839550722,0.215922000075561,-0.04244066000991602,0.07605866334243355,-0.1833074832585912,0.1305293099344165,0.08027142780525018,0.39866302628964895,-0.1992447829278032,-0.30825449992774057,0.20323492775926277,0.20551867825830764,-0.033480298844581535,-0.13832411510391318,-0.45885205741320984,0.13061214191200693,-0.015625111781519554,0.045304303517452946,-0.16088774633260014,0.16894930916840506,-0.22808468329685838,0.06721036776526364,0.2522913822469214,-0.045578786226297026,-0.132868279890731,0.12953975234363888,0.32919907475378096,-0.054663229075966935,-0.18123571179152698,-0.16498510329497604,0.11885263604006144,0.12552628821657758,-0.011542176734592444,-0.16397130108540675,-0.08032298687621056,-0.0035949010617820675,0.16595697181051383,0.15381152769155298,0.1355188069504424,0.4154397666016941,-0.018474143370240313,-0.1387935084557699,0.010298969081233827,-0.015930934821167607,-0.0533997574961628,-0.2798997133552826,0.04025122999848529,0.04318711893418562,0.03516504609987337,-0.11141572113090235,0.09734350237646844,-0.02566082383112978,0.17392022054453796,-0.22716007470661118,0.19010099907361114,0.1362783055554079,0.054553310159773424,0.08589242389981461,-0.041468810491888324,-0.07160425481035998,0.1800225624674723,0.21499422329414566,0.04034176200233696,-0.09970023763571283,-0.24283813330815854,0.06843478441928944,0.1279172174355611,-0.08892803468340978,-0.009823672912131905,-0.3531898016353548,-0.1946815498836217,-0.3125849016221603,-0.12025988591505564,-0.02751030940515859,0.209826068699101,0.07652120448159537,-0.20264240592735347,0.06666570232425646,0.12499228680609914,0.07441193164332925,0.04769580023881713
5,0.11795168291889886,0.09525742391353756,0.33027363250927766,0.02342520401429806,-0.08741285291515823,0.13232034479885368,0.09883816878034841,-0.15005880502379945,-0.3209704848822509,0.08127789761366692,-0.14899453263915324,-0.039281928962688076,-0.11341615326291087,0.08837523142453023,0.15719986607288924,0.11249660901910374,-0.14056519360776812,0.20756250717714042,0.16903236980700853,-0.009512032034666803,0.2010294482814584,-0.1432889597751314,0.015392129362625651,-0.1079104392158467,0.03089565706457367,0.22989356435743516,0.27480365376162064,-0.312076574760141,-0.15024079997640016,0.21518521336279173,0.048530619825003105,-0.05844506816392132,-0.2802649701219172,-0.28688966004191624,-0.13184368984397743,-0.07938861363377689,-0.14297330599664113,-0.22248183734561144,0.21546691264758472,-0.12236527394481134,0.11620050512634153,-0.011347106595067637,0.17212227501118443,-0.06500376036893478,0.09558352625702615,0.16108445043952105,-0.11117541090372593,-0.21732385264547197,-0.13882918561394117,0.12861659944477002,-0.02118355422545292,-0.011887968337655522,-0.026948519062082933,0.16150184582532962,0.05689345614649481,0.059615413254740963,0.14490792761673624,0.25198215277516567,0.07644477525237175,0.1256038115807163,-0.16812083951774995,-0.019288537848343317,0.10512748340449399,-0.05411468042595988,-0.00925045929605274,0.11499689180113627,0.08696171580034244,-0.05644716232195431,-0.14993327715991214,0.02931259298616729,-0.1880840295153552,0.00685981132500176,-0.13394751620823156,0.17492868794442093,0.278819926271886,0.08447464464530455,-0.10303724890582258,-0.10572477341533865,0.054420310014707686,0.1349870664913969,0.20949867288349708,0.13711817876847587,-0.11139651765882606,-0.3876442968339368,-0.0043285426150081905,0.06369244283695841,-0.2737234505252525,0.0390575179239238,-0.3665384939697746,-0.14309295152617635,-0.22953844255664174,-0.00937383629037034,-0.0643846371835082,0.09670155979278568,0.03179074835447106,-0.22131506396464792,0.19939064814904928,0.13675474243472185,-0.024327510711032202,-0.1433407294883916
1259,0.05468911998314668,0.02931038712376586,0.08868535904980246,0.2657265739902621,0.07152664056799878,-0.1085136428022069,0.012813724543596484,0.029849381656067587,-0.12434790911222218,-0.12689329227132332,0.022568903834819937,0.1711530084819376,-0.09326157618875464,0.0890199604520215,-0.2490727176043433,0.0108272958080791,-0.08991420555046185,-0.16227279867280453,-0.15362352283267786,-0.11075929169563971,0.1764708904890401,0.1140010212076133,-0.11062414322967944,0.01182019927930184,-0.17260787931979174,0.145545340732342,-0.17219284594422066,-0.038761359173370855,-0.0777355338639729,-0.020093211535049494,0.06262114783448383,0.0017800628605286954,0.198746324854021,0.19684186692376382,-0.2985982810641178,-0.07218537746533168,0.14224008930148205,0.25538162688279475,-0.05005281930962581,-0.02113126741951782,-0.20141236340184923,0.02001963042332417,-0.10292327314407226,-0.1512015248476984,-0.13089268363266585,0.10003984764127986,0.09981146843723018,-2.32253008557296e-05,0.1243319202061992,-0.043475035010260295,-0.2716137619066473,0.05486015101216319,0.010917684506499391,-0.09404044964933471,0.027913543514548483,-0.4640294360550695,-0.2535725813343582,0.017467039862335176,0.2517803637648878,0.05047165915420273,0.19360637879294273,-0.32022804914937575,-0.03980848121443515,0.08987030277833573,-0.037340116545994194,0.06783375321568504,0.34836551215486383,0.12143927772006498,0.022856886069035107,-0.07992861087396058,-0.20198247031260047,-0.07091444379715116,-0.002418387428563693,0.12911661730317994,0.04406135299038375,-0.23280014494425189,0.009999361578534852,-0.04081864356764101,0.07633123320131936,-0.11334354216971372,-0.17451120412744325,-0.11689691289172474,-0.16751172961625704,0.06628123536246211,0.026486839137171505,-0.08750013544858425,-0.1028488979671241,-0.08164786155111327,0.07168742844101668,-0.15883001212660408,0.3192757256413217,-0.13808811436650661,-0.21435075361080025,0.007332608689900898,-0.08400564300189649,0.3420038546415134,-0.03977459493382778,-0.010952788023443382,-0.24162327837292144,0.24292609792176056
1199,0.15517934900105346,0.004801669912790347,0.084215565717607,0.17215502671581878,-0.06748329971364457,-0.1726448457679671,0.06988453337862048,0.03296305669430118,-0.02788771183958138,-0.15885742869250033,-0.037042258910989036,0.15991818696540072,-0.18371512712650595,-0.013996393554683007,-0.04685041116891432,-0.06425898000837067,-0.04945181736232901,-0.277661439456165,0.004242250030535359,-0.14570186175891348,-0.0573034440413466,0.08000805905915587,0.23549358554295705,-0.11209298978302185,-0.11074242177687033,0.2313092906487078,-0.10345027932738073,0.0619005515834345,-0.002694968151993052,0.16287997609564123,-0.03367465856944703,-0.1433411654985153,0.07248504334554792,0.2199152171993021,-0.26530399455439974,-0.175871203195924,0.22981304432444716,0.267333280954679,-0.12138673494289229,0.22602810963574205,-0.31583201684368156,-0.026389031514988746,0.14112566139243332,0.14361660000446175,-0.07335124900062057,-0.10730705391976182,0.12817075152814944,0.09322922922086643,0.07426657469021332,-0.24221015482208144,-0.05674963415388969,-0.10661770986422452,0.17931846216616812,-0.07399583122754037,0.12409117724265208,-0.20838530453680779,-0.027307332198574084,-0.2524012926026763,0.17468683246388317,-0.17952006922544247,0.08702312819721639,-0.09266562922495708,0.21062167028398404,0.20867342664632516,-0.0950481966107352,0.12884490625355108,-0.01692050425198424,-0.0892582975024662,0.08625371015134048,0.10601007027516107,-0.2223527717096335,0.01920259729145623,-0.25354854115250663,0.08910149935917488,0.08824618611505204,-0.017271069634704442,-0.17614834986039443,-0.10553862624760753,-0.04232860858858809,-0.0023738144315361104,-0.274929820711247,-0.08535027193420798,0.07479614840657502,-0.12730316952406778,-0.0638557759404447,0.019663004443599467,0.11907342475056737,-0.03069719409327584,0.16559610913166323,-0.041257471674466785,0.2090134203360537,-0.060092335437830595,-0.14868476019327048,-0.09444167821907362,-0.04493704764465912,0.15515851545052564,-0.04410667143542655,0.02358355294992587,-0.1583588615187615,0.36855591759957484
1375,0.01506683228080519,-0.052678074709186055,0.08734590456088552,0.2412186541404024,-0.026124937251864516,-0.15273046488390463,0.0923821910146601,0.011896154496800003,-0.14796195147344224,-0.16368690393313706,0.03721157499300627,-0.03379146702404081,-0.0144880158476549,0.032558208950949824,-0.0765928874208005,-0.07873934223129005,-0.11324940859381623,-0.2630213660021545,-0.03897550265852215,-0.18403725470473714,0.09529048165072665,0.034173125463787396,0.18972418313722417,-0.10659865654024014,-0.14454848875635956,0.304469194120439,-0.046730754510298976,-0.004212054435429575,0.07775007245545612,0.08162067632127185,0.03458147656750921,-0.019362454553782067,0.10833258324473019,0.14217558607277858,-0.20895058707215994,-0.1044228403988176,0.26432324007038255,0.28028362193979134,-0.28674501124653,0.047707369651828764,-0.19359906138044203,-0.09230413092864309,-0.06289616067715839,-0.049151598424826706,-0.20637359333496186,0.2750364391410227,0.15451290390958652,-0.04745471330397289,0.032170075534283374,0.016201500214158907,-0.3522731689218815,0.01658487307741178,0.11968946816621966,-0.1480560435867799,0.07086558546021111,-0.16050275028579453,-0.1816112197299111,-0.30753229486518974,0.0846739744065239,-0.04096217953911408,0.14891594049238877,-0.29511684212991957,0.09964623099873808,0.31897731423021874,0.04377782792585686,0.11855641909957082,0.16608613877360742,0.07239295590805785,-0.0591087774071786,0.06777666386956471,-0.134865274278809,0.11909706042834022,-0.13110982990314762,0.1902910698364743,0.1418569434351716,-0.12541199518208815,-0.07567761518058018,-0.032387915840366314,0.05865246293405513,-0.16223724756872182,0.047374449187021,0.0841336242858752,0.23550564571360327,0.10942475928707386,-0.11895841091315741,-0.048652195271662285,-0.012290083194165961,-0.12682584525242852,0.11665244816711846,-0.10048932818542369,0.40384189838351003,0.001078208395401799,-0.22224688865941244,-0.06936750593741475,-0.2831421426723301,0.20430280759642377,-0.017641555917403948,-0.14430974816526038,-0.1925636112047603,0.13631485066648805
1372,0.07853421450788023,0.14742674827018323,0.2086486417483757,0.19848502836860976,0.012928224620061102,0.046832883492084136,0.1323053365237859,-0.10813867912687591,-0.28076614596523386,-0.19873791742439773,0.1531297803566053,0.11320767981821085,0.04100521228410111,-0.21562038407286183,-0.27611947176753093,-0.17546759495605954,-0.1419108159446499,-0.16692421157063023,-0.28275492872506697,-0.07175268222206728,0.12369170031156707,0.28474192284735705,0.30901508555489904,-0.053640605116557306,-0.13252601010305512,0.007887860965628157,0.08654249365231208,-0.06712458897524361,0.34252525539920126,0.09599357346978694,0.08549423494413465,-0.04330863348954717,0.23203069025330283,0.170068952074176,-0.10501913921110521,-0.1269234824942074,0.23264604524759938,0.04653590369472176,-0.2502400318539242,0.2766929108119556,-0.2067903637914057,0.024825996754545353,-0.04056177331006329,-0.3825073893445396,-0.2140392783665545,0.3421120983221676,0.13532955183069517,-0.1073689356739947,-0.04078539653210376,-0.15118367639186256,-0.1676686758865322,-0.06920342271496417,0.11449187370311296,-0.10140423235454757,-0.08596845654021555,-0.0489325916803651,-0.2210057610371644,-0.2614661454329729,0.2828248217540252,-0.2698735251007914,0.011624764390303702,-0.2999608487986307,-0.15494910581617116,0.3788284896717265,0.13112790878572025,0.08643135122680759,0.00432051498374285,0.1572436194955029,0.03843823389769722,0.11931162603202959,0.011924390210967233,-0.07426860409893801,0.10358135276578531,0.3132328511970978,0.09210733554828353,-0.18206078023508723,-0.06511156333092023,0.10919950919867309,0.111026886782893,-0.5298771986893571,0.20372425486421777,-0.1514933737799483,0.356545844386658,0.0031314654524482875,0.14698935780580244,0.14196862665110896,-0.13653059097274897,-0.18064480520396659,0.1349992629801859,-0.20493328949098338,0.36439472872570644,0.26208515180898867,-0.07905417981715858,-0.22274367985564894,-0.2609387858966956,0.17358081234185646,-0.03538120235177068,-0.21712459684136048,-0.2654799757972856,-0.10057931978986084
1009,-0.11418947768520889,-0.16889979699245627,0.13814649235933765,-0.1962300326374012,0.003179038512240132,-0.12567028619519954,0.06616580327553268,0.07591218079874335,0.2299847501333553,-0.01783652906552552,0.07195761130451776,0.029595648933337496,0.18790843999878692,-0.0935660396572048,-0.32025956553222806,0.023647611893992677,0.002090474901179129,-0.00671916485005573,0.04055719638817618,0.14902683293481048,-0.06024180894859804,-0.02619663018986115,-0.004407808226008043,-0.09325919793050957,-0.020601758580399046,-0.054853324128640336,-0.3491111731332324,-0.022951448104615888,0.22500286140771378,-0.2642738725649506,-0.23733633845906152,0.13897481687965427,-0.07585091944721707,0.22125464674005227,-0.12589315215494526,-0.110004127393837,-0.14212557855971156,-0.027111760662826397,-0.2250683556187048,0.06440971794400979,0.13275097744291836,-0.03567596438123904,-0.11274613955345482,0.08167464997850554,-0.07172203944956314,-0.2792595020077499,0.00242024309955654,0.0031706771895804045,-0.14565825903513807,-0.127585759630219,0.1608149141861819,-0.015365426990398128,0.13196756232196447,-0.10743933260694817,-0.06969289158843531,0.09415824320943512,0.053120669944157206,0.05632099957521462,-0.2902673064647623,-0.018755185332882587,0.2188465025097804,0.12562207651437735,-0.031947356739279856,0.04308330337836904,-0.06301193844080427,-0.19762908899288856,0.01947036975100051,0.01687123444521922,0.022397880441062824,0.11540408618390237,0.14228228927538142,0.12377557522901332,0.13684618111406896,-0.21923361028563715,-0.296824074789194,0.08387811095359687,0.046845381915398894,0.10277994327960724,-0.1772134654204444,0.005350297218905081,0.10549480198609172,-0.18134679209901344,-0.16016777405021226,0.15636597525809778,-0.09992457334727388,-0.0793801093630023,0.019786700158777325,-0.17560939494362335,0.07564305504686215,0.18553450450325476,0.08027523157252629,-0.12203858297923093,0.024294922831510652,0.00697342348406673,-0.06204370589023171,0.030699852922241283,-0.30153735457610525,0.19046048210737612,0.11259578189698097,-0.14934072226196546
1033,-0.24646152001439772,-0.05531431038862759,-0.008288579399233994,-0.093905702764407,-0.04861738753805168,-0.18023640085566847,0.09359088843432542,0.05691396066656212,0.3084999309320084,-0.004567873291330912,0.06907363300518025,-0.020441827109572097,0.08609809855948983,-0.040942233618775914,-0.25254451505316855,-0.10372662963619755,-0.01680982006939611,0.020097764136038993,0.05698069424570036,0.09307883796401419,-0.10847225838150515,0.04817979682386039,-0.10425247655677636,-0.03510896661399515,0.1261052452817816,-0.10797382171689979,-0.3935572741691587,0.010633004954993764,0.27878574064340256,-0.16938753684036273,-0.21011993511894522,0.0320588473033137,0.06885472867200786,0.14623918431121588,0.011483733502589313,-0.01962204737453437,-0.07358517140519015,0.035553637859305,-0.18011557831145739,0.1707414924724293,0.1351644998087121,-0.09459978731243435,-0.1459097998193446,-0.06414436974801588,-0.0028028139975285822,-0.16990835243604652,-0.0819253575584588,-0.023106849029898544,-0.019585481110136298,-0.010736886660477035,0.17231156642318932,0.08145865066805134,0.0034115377562885358,-0.06144164157972369,-0.06694025414932891,-0.00036076051291968525,-0.031704500057894054,0.045311624935858594,-0.27116498588690646,0.016548996831911255,0.12461303859137242,0.12978628327310773,-0.13221434938394444,0.06244376152983721,0.014572933327329353,-0.10810037708744609,-0.1308399706515211,-0.047996559479808645,0.064813383457138,0.05629039300273514,0.1920903827661035,0.07123525674524314,0.06030908367861668,-0.14583861446367938,-0.25347158828015104,-0.057574722323791,-0.002308846537044985,0.03677811744249639,-0.04443835053431658,0.06984108021150469,0.01365907188359167,-0.1141532452218121,-0.08157157240255059,0.10639693694419915,-0.03234093588059894,-0.0655548645292474,0.0746042149423642,-0.1475728298312141,0.12095996616108769,0.3258328106471381,-0.02089302771204292,-0.03573032795614085,-0.04341964640135419,0.0941126709517668,-0.08526978161978363,-0.01784983433718293,-0.16566128961209192,0.08529723640575075,0.12301157764076512,0.01842612302622663
1012,-0.20000851641711587,-0.21507376910006668,-0.09066995487317414,-0.16682134726077985,-0.014248553551068495,-0.1564833079219635,0.13594105638215673,0.09014071802284958,0.38851418145266986,-0.014723697648124309,0.013136430138574611,0.07135569445574926,0.13077314698210235,-0.045718099832921834,-0.301186962026946,-0.11736545944197993,-0.019551007565828588,-0.013350181365860192,0.00956038633433274,0.09402731502924605,-0.08406427753591435,0.048209346995591214,-0.025845663855523476,-0.060135374472489955,0.11914676475564,-0.14264720153575472,-0.3487487337692986,-0.016681127609994566,0.21385748906319887,-0.19737395951520037,-0.09959470716008237,-0.007989139551037878,0.00768302578017132,0.1578727920097983,0.09438491669132829,-0.01079590387012672,-0.1589356274753787,0.025524404679706958,-0.16254867018844021,0.17170664829351445,0.13232718494982557,-0.019824302860612403,-0.14349694158741852,-0.03949900860471664,-0.10842114027672566,-0.1737866521068614,-0.09304516936794217,-0.042703961917202986,0.043790986597390266,-0.015488729715868009,0.1550929813630318,-0.03844008967691959,0.04247322106295517,-0.03152916632215915,-0.0021006035038188915,-0.028489747514873324,-0.08301961218641,0.07049107326800041,-0.20233343310956134,0.04910337321506897,0.05608922687864276,0.11030087552897846,-0.20099484100795123,0.1250332873105302,-0.014021661722967317,-0.10287952642906327,-0.1823874221020356,-0.04812588605702633,0.07106691338510883,0.04046361593657462,0.15618973536468875,0.04734753850035193,0.05896886786054468,-0.082517660902473,-0.20576974384075342,-0.0754179991672912,-0.013405990666261965,0.021153515241836493,-0.08865898723731401,0.04970253788165451,0.05001534639689218,-0.021891318016622658,-0.10237494223605233,0.041689713984643974,0.02099530151834315,-0.1366859357197611,0.07858126990558059,-0.13702316600670092,0.13508837844628183,0.254464593779927,0.048917086111043936,0.01796686411495996,-0.07788349170669426,0.027591438912853088,-0.0944037845054202,-0.01830703837759586,-0.1321529392825139,0.1036650789912734,0.14883839642641405,0.011906032500246107
